{
  "Workflows": [
    {
      "Path": null,
      "SortBy": 0,
      "VariablesSectionElementsOrder": [],
      "ArgumentsSectionElementsOrder": null,
      "ConstantsSectionElementsOrder": [],
      "AddedNamespaces": null
    },
    {
      "Path": "InputExcelDataExtraction.xaml",
      "SortBy": 0,
      "VariablesSectionElementsOrder": [
        "ValidationPhoneNumber&Sequence_5",
        "ValidationEmailID&Sequence_5",
        "VerifyPhoneNumber&Sequence_5",
        "VerifyEmailID&Sequence_5"
      ],
      "ArgumentsSectionElementsOrder": [
        "InputFileDT"
      ],
      "ConstantsSectionElementsOrder": [],
      "AddedNamespaces": null
    },
    {
      "Path": "TestCase.xaml",
      "SortBy": 0,
      "VariablesSectionElementsOrder": [
        "RPAChallengeURL&Sequence_1"
      ],
      "ArgumentsSectionElementsOrder": [
        "io_dt_InputFile"
      ],
      "ConstantsSectionElementsOrder": [],
      "AddedNamespaces": null
    },
    {
      "Path": "CloseAllBrowserApplication.xaml",
      "SortBy": 0,
      "VariablesSectionElementsOrder": [
        "KillApplications&Sequence_1"
      ],
      "ArgumentsSectionElementsOrder": [],
      "ConstantsSectionElementsOrder": [],
      "AddedNamespaces": null
    },
    {
      "Path": "RPAChallengeWebsiteAndEnteringData.xaml",
      "SortBy": 0,
      "VariablesSectionElementsOrder": [
        "Increment&Sequence_1",
        "TotalHeaderNumber&Sequence_1",
        "GetRoundNumber&Sequence_1",
        "GetEachHeaderName&Sequence_1",
        "LaunchRPAChallengeApplication&Sequence_1"
      ],
      "ArgumentsSectionElementsOrder": [
        "Phone_Number",
        "Email",
        "Address",
        "Role_in_Company",
        "Company_Name",
        "Last_Name",
        "First_Name",
        "InputFileDT"
      ],
      "ConstantsSectionElementsOrder": [],
      "AddedNamespaces": null
    },
    {
      "Path": "InsertToEachFieldSequence.xaml",
      "SortBy": 0,
      "VariablesSectionElementsOrder": [
        "TotalHeaderNumber&Sequence_14",
        "HeaderNameInApplication&Sequence_14",
        "RoundNumberInApplication&Sequence_14",
        "Increment&Sequence_14"
      ],
      "ArgumentsSectionElementsOrder": [
        "in_TransactionItem"
      ],
      "ConstantsSectionElementsOrder": [],
      "AddedNamespaces": null
    },
    {
      "Path": "ValidationCongratulations.xaml",
      "SortBy": 0,
      "VariablesSectionElementsOrder": [
        "VerifyFinalResults&Sequence_1",
        "GetFinalResults&Sequence_1"
      ],
      "ArgumentsSectionElementsOrder": [],
      "ConstantsSectionElementsOrder": [],
      "AddedNamespaces": null
    },
    {
      "Path": "LaunchRPAChallengeApplication.xaml",
      "SortBy": 0,
      "VariablesSectionElementsOrder": [],
      "ArgumentsSectionElementsOrder": [],
      "ConstantsSectionElementsOrder": [],
      "AddedNamespaces": null
    },
    {
      "Path": "Workflows/LaunchRPAChallengeApplication.xaml",
      "SortBy": 0,
      "VariablesSectionElementsOrder": [],
      "ArgumentsSectionElementsOrder": [
        "RPAChallengeURL"
      ],
      "ConstantsSectionElementsOrder": [],
      "AddedNamespaces": null
    },
    {
      "Path": "Workflows/RPAChallengeWebsiteAndEnteringData.xaml",
      "SortBy": 0,
      "VariablesSectionElementsOrder": [
        "Increment&Sequence_1",
        "TotalHeaderNumber&Sequence_1",
        "GetRoundNumber&Sequence_1",
        "GetEachHeaderName&Sequence_1"
      ],
      "ArgumentsSectionElementsOrder": [
        "RPAChallengeURL",
        "First_Name",
        "Last_Name",
        "Company_Name",
        "Role_in_Company",
        "Address",
        "Email",
        "Phone_Number",
        "io_dt_InputFile"
      ],
      "ConstantsSectionElementsOrder": [],
      "AddedNamespaces": null
    },
    {
      "Path": "Workflows/ValidationCongratulations.xaml",
      "SortBy": 0,
      "VariablesSectionElementsOrder": [
        "GetFinalResults&Sequence_1",
        "VerifyFinalResults&Sequence_1"
      ],
      "ArgumentsSectionElementsOrder": [
        "RPAChallengeURL"
      ],
      "ConstantsSectionElementsOrder": [],
      "AddedNamespaces": null
    },
    {
      "Path": "Workflows/CloseAllBrowserApplication.xaml",
      "SortBy": 0,
      "VariablesSectionElementsOrder": [
        "KillApplications&Sequence_1"
      ],
      "ArgumentsSectionElementsOrder": [],
      "ConstantsSectionElementsOrder": [],
      "AddedNamespaces": null
    },
    {
      "Path": "Workflows/InputExcelDataExtraction.xaml",
      "SortBy": 0,
      "VariablesSectionElementsOrder": [
        "ValidationPhoneNumber&Sequence_5",
        "ValidationEmailID&Sequence_5",
        "VerifyPhoneNumber&Sequence_5",
        "VerifyEmailID&Sequence_5"
      ],
      "ArgumentsSectionElementsOrder": [
        "io_dt_InputFile"
      ],
      "ConstantsSectionElementsOrder": [],
      "AddedNamespaces": null
    },
    {
      "Path": "Workflows/ClickSubmitOnEachRound.xaml",
      "SortBy": 0,
      "VariablesSectionElementsOrder": [],
      "ArgumentsSectionElementsOrder": [
        "RPAChallengeURL"
      ],
      "ConstantsSectionElementsOrder": [],
      "AddedNamespaces": null
    }
  ]
}